sale_id,store_id,product_id,quantity,unit_price,sale_date
T0001,S001,P001,3,1.45,2026-09-14
T0002,S001,P003,2,1.10,2026-09-14
T0003,S002,P005,5,0.90,2026-09-14
T0004,S003,P001,1,1.45,2026-09-14
T0005,S004,P007,2,2.75,2026-09-15
T0006,S005,P002,1,3.50,2026-09-15
T0007,S001,P008,4,1.65,2026-09-15
T0008,S002,P004,3,1.80,2026-09-15
T0009,S003,P006,2,2.20,2026-09-16
T0010,S004,P001,6,1.45,2026-09-16
T0011,S005,P005,3,0.90,2026-09-16
T0012,S001,P002,2,3.50,2026-09-16
T0013,S002,P007,1,2.75,2026-09-17
T0014,S003,P003,4,1.10,2026-09-17
T0015,S004,P008,2,1.65,2026-09-17
T0016,S005,P006,1,2.20,2026-09-17
T0017,S001,P005,8,0.90,2026-09-18
T0018,S002,P001,2,1.45,2026-09-18
T0019,S003,P004,2,1.80,2026-09-18
T0020,S004,P002,3,3.50,2026-09-18
